"TICKET","TRANSACTION DATE","TRANSACTION TYPE","DETAILS","INSTRUMENT","PRICE","UNITS","DIRECTION","SPREAD COST","STOP LOSS","TAKE PROFIT","TRAILING STOP","FINANCING","FUNDING RATE","COMMISSION","CONVERSION RATE","CONVERSION FEE","PL","AMOUNT","BALANCE"
"3516","2026-01-01 10:00:00 -12","DAILY_FINANCING","","","","","","","","","","2.82540","","","","0.0000","","","4993.37"
"","2026-01-01 10:00:00 -12","DAILY_FINANCING","Trade ID: 3514","USD/JPY","","","","","","","","2.82540","0.0211","","","","","",""
"3517","2026-01-01 16:56:31 -12","MARKET_ORDER_REJECT","POSITION_CLOSEOUT","USD/JPY","","48875.00","","","","","","","","","","","","",""
"3518","2026-01-01 16:56:31 -12","MARKET_ORDER_REJECT","POSITION_CLOSEOUT","USD/JPY","","","","","","","","","","","","","","",""
"3519","2026-01-01 16:56:31 -12","MARKET_ORDER","CLIENT_ORDER","USD/JPY","","49933.00","Sell","","","","","","","","","","","",""
"3520","2026-01-01 16:56:31 -12","ORDER_FILL","MARKET_ORDER","USD/JPY","156.80300","49933.00","Sell","2.5474","","","","0.00000","","0.0000","0.0063","-0.1944","39.07540","","5032.44"
"3521","2026-01-02 03:42:01 -12","MARKET_ORDER_REJECT","POSITION_CLOSEOUT","USD/JPY","","","","","","","","","","","","","","",""
"3522","2026-01-02 03:42:01 -12","MARKET_ORDER_REJECT","POSITION_CLOSEOUT","USD/JPY","","1058.00","","","","","","","","","","","","",""
"3523","2026-01-02 03:42:01 -12","MARKET_ORDER","CLIENT_ORDER","USD/JPY","","50324.00","Buy","","","","","","","","","","","",""
"3524","2026-01-02 03:42:01 -12","ORDER_FILL","MARKET_ORDER","USD/JPY","156.71700","50324.00","Buy","2.7296","","","","0.00000","","0.0000","0.0063","-0.0029","0.57770","","5033.02"
"3525","2026-01-02 10:00:00 -12","DAILY_FINANCING","","","","","","","","","","2.84800","","","","0.0000","","","5035.87"
"","2026-01-02 10:00:00 -12","DAILY_FINANCING","Trade ID: 3524","USD/JPY","","","","","","","","2.84800","0.0211","","","","","",""
"3526","2026-01-03 10:00:00 -12","DAILY_FINANCING","","","","","","","","","","0.00000","","","","0.0000","","","5035.87"
"","2026-01-03 10:00:00 -12","DAILY_FINANCING","Trade ID: 3524","USD/JPY","","","","","","","","0.00000","0.0211","","","","","",""
"3527","2026-01-04 10:00:00 -12","DAILY_FINANCING","","","","","","","","","","0.00000","","","","0.0000","","","5035.87"
"","2026-01-04 10:00:00 -12","DAILY_FINANCING","Trade ID: 3524","USD/JPY","","","","","","","","0.00000","0.0211","","","","","",""
"3528","2026-01-04 12:54:50 -12","MARKET_ORDER_REJECT","POSITION_CLOSEOUT","USD/JPY","","49266.00","","","","","","","","","","","","",""
"3529","2026-01-04 12:54:50 -12","MARKET_ORDER_REJECT","POSITION_CLOSEOUT","USD/JPY","","","","","","","","","","","","","","",""
"3530","2026-01-04 12:54:50 -12","MARKET_ORDER","CLIENT_ORDER","USD/JPY","","50358.00","Sell","","","","","","","","","","","",""
"3531","2026-01-04 12:54:50 -12","ORDER_FILL","MARKET_ORDER","USD/JPY","157.23000","50358.00","Sell","2.7222","","","","0.00000","","0.0000","0.0063","-0.7950","159.92960","","5195.80"
"3532","2026-01-04 13:09:51 -12","MARKET_ORDER_REJECT","POSITION_CLOSEOUT","USD/JPY","","","","","","","","","","","","","","",""
"3533","2026-01-04 13:09:51 -12","MARKET_ORDER_REJECT","POSITION_CLOSEOUT","USD/JPY","","1092.00","","","","","","","","","","","","",""
"3534","2026-01-04 13:24:52 -12","MARKET_ORDER_REJECT","POSITION_CLOSEOUT","USD/JPY","","","","","","","","","","","","","","",""
"3535","2026-01-04 13:24:52 -12","MARKET_ORDER_REJECT","POSITION_CLOSEOUT","USD/JPY","","1092.00","","","","","","","","","","","","",""
"3536","2026-01-04 13:39:53 -12","MARKET_ORDER_REJECT","POSITION_CLOSEOUT","USD/JPY","","","","","","","","","","","","","","",""
"3537","2026-01-04 13:39:53 -12","MARKET_ORDER_REJECT","POSITION_CLOSEOUT","USD/JPY","","1092.00","","","","","","","","","","","","",""
"3538","2026-01-04 13:54:54 -12","MARKET_ORDER_REJECT","POSITION_CLOSEOUT","USD/JPY","","","","","","","","","","","","","","",""
"3539","2026-01-04 13:54:54 -12","MARKET_ORDER_REJECT","POSITION_CLOSEOUT","USD/JPY","","1092.00","","","","","","","","","","","","",""
"3540","2026-01-04 14:09:54 -12","MARKET_ORDER_REJECT","POSITION_CLOSEOUT","USD/JPY","","","","","","","","","","","","","","",""
"3541","2026-01-04 14:09:54 -12","MARKET_ORDER_REJECT","POSITION_CLOSEOUT","USD/JPY","","1092.00","","","","","","","","","","","","",""
"3542","2026-01-04 14:24:55 -12","MARKET_ORDER_REJECT","POSITION_CLOSEOUT","USD/JPY","","","","","","","","","","","","","","",""
"3543","2026-01-04 14:24:55 -12","MARKET_ORDER_REJECT","POSITION_CLOSEOUT","USD/JPY","","1092.00","","","","","","","","","","","","",""
"3544","2026-01-04 14:39:55 -12","MARKET_ORDER_REJECT","POSITION_CLOSEOUT","USD/JPY","","","","","","","","","","","","","","",""
"3545","2026-01-04 14:39:55 -12","MARKET_ORDER_REJECT","POSITION_CLOSEOUT","USD/JPY","","1092.00","","","","","","","","","","","","",""
"3546","2026-01-04 14:54:56 -12","MARKET_ORDER_REJECT","POSITION_CLOSEOUT","USD/JPY","","","","","","","","","","","","","","",""
"3547","2026-01-04 14:54:56 -12","MARKET_ORDER_REJECT","POSITION_CLOSEOUT","USD/JPY","","1092.00","","","","","","","","","","","","",""
"3548","2026-01-04 15:09:57 -12","MARKET_ORDER_REJECT","POSITION_CLOSEOUT","USD/JPY","","","","","","","","","","","","","","",""
"3549","2026-01-04 15:09:57 -12","MARKET_ORDER_REJECT","POSITION_CLOSEOUT","USD/JPY","","1092.00","","","","","","","","","","","","",""
"3550","2026-01-04 15:24:57 -12","MARKET_ORDER_REJECT","POSITION_CLOSEOUT","USD/JPY","","","","","","","","","","","","","","",""
"3551","2026-01-04 15:24:57 -12","MARKET_ORDER_REJECT","POSITION_CLOSEOUT","USD/JPY","","1092.00","","","","","","","","","","","","",""
"3552","2026-01-04 15:39:59 -12","MARKET_ORDER_REJECT","POSITION_CLOSEOUT","USD/JPY","","","","","","","","","","","","","","",""
"3553","2026-01-04 15:39:59 -12","MARKET_ORDER_REJECT","POSITION_CLOSEOUT","USD/JPY","","1092.00","","","","","","","","","","","","",""
"3554","2026-01-04 15:54:59 -12","MARKET_ORDER_REJECT","POSITION_CLOSEOUT","USD/JPY","","","","","","","","","","","","","","",""
"3555","2026-01-04 15:54:59 -12","MARKET_ORDER_REJECT","POSITION_CLOSEOUT","USD/JPY","","1092.00","","","","","","","","","","","","",""
"3556","2026-01-04 16:10:00 -12","MARKET_ORDER_REJECT","POSITION_CLOSEOUT","USD/JPY","","","","","","","","","","","","","","",""
"3557","2026-01-04 16:10:00 -12","MARKET_ORDER_REJECT","POSITION_CLOSEOUT","USD/JPY","","1092.00","","","","","","","","","","","","",""
"3558","2026-01-04 16:25:01 -12","MARKET_ORDER_REJECT","POSITION_CLOSEOUT","USD/JPY","","","","","","","","","","","","","","",""
"3559","2026-01-04 16:25:01 -12","MARKET_ORDER_REJECT","POSITION_CLOSEOUT","USD/JPY","","1092.00","","","","","","","","","","","","",""
"3560","2026-01-04 16:40:02 -12","MARKET_ORDER_REJECT","POSITION_CLOSEOUT","USD/JPY","","","","","","","","","","","","","","",""
"3561","2026-01-04 16:40:02 -12","MARKET_ORDER_REJECT","POSITION_CLOSEOUT","USD/JPY","","1092.00","","","","","","","","","","","","",""
"3562","2026-01-04 16:55:03 -12","MARKET_ORDER_REJECT","POSITION_CLOSEOUT","USD/JPY","","","","","","","","","","","","","","",""
"3563","2026-01-04 16:55:03 -12","MARKET_ORDER_REJECT","POSITION_CLOSEOUT","USD/JPY","","1092.00","","","","","","","","","","","","",""
"3564","2026-01-04 17:10:03 -12","MARKET_ORDER_REJECT","POSITION_CLOSEOUT","USD/JPY","","","","","","","","","","","","","","",""
"3565","2026-01-04 17:10:03 -12","MARKET_ORDER_REJECT","POSITION_CLOSEOUT","USD/JPY","","1092.00","","","","","","","","","","","","",""
"3566","2026-01-04 17:25:04 -12","MARKET_ORDER_REJECT","POSITION_CLOSEOUT","USD/JPY","","","","","","","","","","","","","","",""
"3567","2026-01-04 17:25:04 -12","MARKET_ORDER_REJECT","POSITION_CLOSEOUT","USD/JPY","","1092.00","","","","","","","","","","","","",""
"3568","2026-01-04 17:40:05 -12","MARKET_ORDER_REJECT","POSITION_CLOSEOUT","USD/JPY","","","","","","","","","","","","","","",""
"3569","2026-01-04 17:40:05 -12","MARKET_ORDER_REJECT","POSITION_CLOSEOUT","USD/JPY","","1092.00","","","","","","","","","","","","",""
"3570","2026-01-04 17:55:07 -12","MARKET_ORDER_REJECT","POSITION_CLOSEOUT","USD/JPY","","","","","","","","","","","","","","",""
"3571","2026-01-04 17:55:07 -12","MARKET_ORDER_REJECT","POSITION_CLOSEOUT","USD/JPY","","1092.00","","","","","","","","","","","","",""
"3572","2026-01-04 18:10:08 -12","MARKET_ORDER_REJECT","POSITION_CLOSEOUT","USD/JPY","","","","","","","","","","","","","","",""
"3573","2026-01-04 18:10:08 -12","MARKET_ORDER_REJECT","POSITION_CLOSEOUT","USD/JPY","","1092.00","","","","","","","","","","","","",""
"3574","2026-01-04 18:25:09 -12","MARKET_ORDER_REJECT","POSITION_CLOSEOUT","USD/JPY","","","","","","","","","","","","","","",""
"3575","2026-01-04 18:25:09 -12","MARKET_ORDER_REJECT","POSITION_CLOSEOUT","USD/JPY","","1092.00","","","","","","","","","","","","",""
"3576","2026-01-04 18:40:10 -12","MARKET_ORDER_REJECT","POSITION_CLOSEOUT","USD/JPY","","","","","","","","","","","","","","",""
"3577","2026-01-04 18:40:10 -12","MARKET_ORDER_REJECT","POSITION_CLOSEOUT","USD/JPY","","1092.00","","","","","","","","","","","","",""
"3578","2026-01-04 18:55:10 -12","MARKET_ORDER_REJECT","POSITION_CLOSEOUT","USD/JPY","","","","","","","","","","","","","","",""
"3579","2026-01-04 18:55:10 -12","MARKET_ORDER_REJECT","POSITION_CLOSEOUT","USD/JPY","","1092.00","","","","","","","","","","","","",""
"3580","2026-01-04 19:10:10 -12","MARKET_ORDER_REJECT","POSITION_CLOSEOUT","USD/JPY","","","","","","","","","","","","","","",""
"3581","2026-01-04 19:10:10 -12","MARKET_ORDER_REJECT","POSITION_CLOSEOUT","USD/JPY","","1092.00","","","","","","","","","","","","",""
"3582","2026-01-04 19:25:11 -12","MARKET_ORDER_REJECT","POSITION_CLOSEOUT","USD/JPY","","","","","","","","","","","","","","",""
"3583","2026-01-04 19:25:11 -12","MARKET_ORDER_REJECT","POSITION_CLOSEOUT","USD/JPY","","1092.00","","","","","","","","","","","","",""
"3584","2026-01-04 19:40:12 -12","MARKET_ORDER_REJECT","POSITION_CLOSEOUT","USD/JPY","","","","","","","","","","","","","","",""
"3585","2026-01-04 19:40:12 -12","MARKET_ORDER_REJECT","POSITION_CLOSEOUT","USD/JPY","","1092.00","","","","","","","","","","","","",""
"3586","2026-01-04 19:55:13 -12","MARKET_ORDER_REJECT","POSITION_CLOSEOUT","USD/JPY","","","","","","","","","","","","","","",""
"3587","2026-01-04 19:55:13 -12","MARKET_ORDER_REJECT","POSITION_CLOSEOUT","USD/JPY","","1092.00","","","","","","","","","","","","",""
"3588","2026-01-04 20:10:14 -12","MARKET_ORDER_REJECT","POSITION_CLOSEOUT","USD/JPY","","","","","","","","","","","","","","",""
"3589","2026-01-04 20:10:14 -12","MARKET_ORDER_REJECT","POSITION_CLOSEOUT","USD/JPY","","1092.00","","","","","","","","","","","","",""
"3590","2026-01-04 20:25:14 -12","MARKET_ORDER_REJECT","POSITION_CLOSEOUT","USD/JPY","","","","","","","","","","","","","","",""
"3591","2026-01-04 20:25:14 -12","MARKET_ORDER_REJECT","POSITION_CLOSEOUT","USD/JPY","","1092.00","","","","","","","","","","","","",""
"3592","2026-01-04 20:40:15 -12","MARKET_ORDER_REJECT","POSITION_CLOSEOUT","USD/JPY","","","","","","","","","","","","","","",""
"3593","2026-01-04 20:40:15 -12","MARKET_ORDER_REJECT","POSITION_CLOSEOUT","USD/JPY","","1092.00","","","","","","","","","","","","",""
"3594","2026-01-04 20:55:16 -12","MARKET_ORDER_REJECT","POSITION_CLOSEOUT","USD/JPY","","","","","","","","","","","","","","",""
"3595","2026-01-04 20:55:16 -12","MARKET_ORDER_REJECT","POSITION_CLOSEOUT","USD/JPY","","1092.00","","","","","","","","","","","","",""
"3596","2026-01-04 21:10:16 -12","MARKET_ORDER_REJECT","POSITION_CLOSEOUT","USD/JPY","","","","","","","","","","","","","","",""
"3597","2026-01-04 21:10:16 -12","MARKET_ORDER_REJECT","POSITION_CLOSEOUT","USD/JPY","","1092.00","","","","","","","","","","","","",""
"3598","2026-01-04 21:25:18 -12","MARKET_ORDER_REJECT","POSITION_CLOSEOUT","USD/JPY","","","","","","","","","","","","","","",""
"3599","2026-01-04 21:25:18 -12","MARKET_ORDER_REJECT","POSITION_CLOSEOUT","USD/JPY","","1092.00","","","","","","","","","","","","",""
"3600","2026-01-04 21:40:18 -12","MARKET_ORDER_REJECT","POSITION_CLOSEOUT","USD/JPY","","","","","","","","","","","","","","",""
"3601","2026-01-04 21:40:18 -12","MARKET_ORDER_REJECT","POSITION_CLOSEOUT","USD/JPY","","1092.00","","","","","","","","","","","","",""
"3602","2026-01-04 21:55:18 -12","MARKET_ORDER_REJECT","POSITION_CLOSEOUT","USD/JPY","","","","","","","","","","","","","","",""
"3603","2026-01-04 21:55:18 -12","MARKET_ORDER_REJECT","POSITION_CLOSEOUT","USD/JPY","","1092.00","","","","","","","","","","","","",""
"3604","2026-01-04 22:10:20 -12","MARKET_ORDER_REJECT","POSITION_CLOSEOUT","USD/JPY","","","","","","","","","","","","","","",""
"3605","2026-01-04 22:10:20 -12","MARKET_ORDER_REJECT","POSITION_CLOSEOUT","USD/JPY","","1092.00","","","","","","","","","","","","",""
"3606","2026-01-04 22:25:20 -12","MARKET_ORDER_REJECT","POSITION_CLOSEOUT","USD/JPY","","","","","","","","","","","","","","",""
"3607","2026-01-04 22:25:20 -12","MARKET_ORDER_REJECT","POSITION_CLOSEOUT","USD/JPY","","1092.00","","","","","","","","","","","","",""
"3608","2026-01-04 22:40:21 -12","MARKET_ORDER_REJECT","POSITION_CLOSEOUT","USD/JPY","","","","","","","","","","","","","","",""
"3609","2026-01-04 22:40:21 -12","MARKET_ORDER_REJECT","POSITION_CLOSEOUT","USD/JPY","","1092.00","","","","","","","","","","","","",""
"3610","2026-01-04 22:55:22 -12","MARKET_ORDER_REJECT","POSITION_CLOSEOUT","USD/JPY","","","","","","","","","","","","","","",""
"3611","2026-01-04 22:55:22 -12","MARKET_ORDER_REJECT","POSITION_CLOSEOUT","USD/JPY","","1092.00","","","","","","","","","","","","",""
"3612","2026-01-04 23:10:23 -12","MARKET_ORDER_REJECT","POSITION_CLOSEOUT","USD/JPY","","","","","","","","","","","","","","",""
"3613","2026-01-04 23:10:23 -12","MARKET_ORDER_REJECT","POSITION_CLOSEOUT","USD/JPY","","1092.00","","","","","","","","","","","","",""
"3614","2026-01-04 23:25:23 -12","MARKET_ORDER_REJECT","POSITION_CLOSEOUT","USD/JPY","","","","","","","","","","","","","","",""
"3615","2026-01-04 23:25:23 -12","MARKET_ORDER_REJECT","POSITION_CLOSEOUT","USD/JPY","","1092.00","","","","","","","","","","","","",""
"3616","2026-01-04 23:40:24 -12","MARKET_ORDER_REJECT","POSITION_CLOSEOUT","USD/JPY","","","","","","","","","","","","","","",""
"3617","2026-01-04 23:40:24 -12","MARKET_ORDER_REJECT","POSITION_CLOSEOUT","USD/JPY","","1092.00","","","","","","","","","","","","",""
"3618","2026-01-04 23:55:25 -12","MARKET_ORDER_REJECT","POSITION_CLOSEOUT","USD/JPY","","","","","","","","","","","","","","",""
"3619","2026-01-04 23:55:25 -12","MARKET_ORDER_REJECT","POSITION_CLOSEOUT","USD/JPY","","1092.00","","","","","","","","","","","","",""
"3620","2026-01-05 00:10:25 -12","MARKET_ORDER_REJECT","POSITION_CLOSEOUT","USD/JPY","","","","","","","","","","","","","","",""
"3621","2026-01-05 00:10:25 -12","MARKET_ORDER_REJECT","POSITION_CLOSEOUT","USD/JPY","","1092.00","","","","","","","","","","","","",""
"3622","2026-01-05 00:25:26 -12","MARKET_ORDER_REJECT","POSITION_CLOSEOUT","USD/JPY","","","","","","","","","","","","","","",""
"3623","2026-01-05 00:25:26 -12","MARKET_ORDER_REJECT","POSITION_CLOSEOUT","USD/JPY","","1092.00","","","","","","","","","","","","",""
"3624","2026-01-05 00:40:27 -12","MARKET_ORDER_REJECT","POSITION_CLOSEOUT","USD/JPY","","","","","","","","","","","","","","",""
"3625","2026-01-05 00:40:27 -12","MARKET_ORDER_REJECT","POSITION_CLOSEOUT","USD/JPY","","1092.00","","","","","","","","","","","","",""
"3626","2026-01-05 00:55:29 -12","MARKET_ORDER_REJECT","POSITION_CLOSEOUT","USD/JPY","","","","","","","","","","","","","","",""
"3627","2026-01-05 00:55:29 -12","MARKET_ORDER_REJECT","POSITION_CLOSEOUT","USD/JPY","","1092.00","","","","","","","","","","","","",""
"3628","2026-01-05 04:48:01 -12","MARKET_ORDER_REJECT","POSITION_CLOSEOUT","USD/JPY","","","","","","","","","","","","","","",""
"3629","2026-01-05 04:48:01 -12","MARKET_ORDER_REJECT","POSITION_CLOSEOUT","USD/JPY","","1092.00","","","","","","","","","","","","",""
"3630","2026-01-05 04:48:01 -12","MARKET_ORDER","CLIENT_ORDER","USD/JPY","","51957.00","Buy","","","","","","","","","","","",""
"3631","2026-01-05 04:48:01 -12","ORDER_FILL","MARKET_ORDER","USD/JPY","156.34300","51957.00","Buy","2.9911","","","","0.00000","","0.0000","0.0064","-0.0306","6.16480","","5201.96"
"3632","2026-01-05 10:00:00 -12","DAILY_FINANCING","","","","","","","","","","2.95440","","","","0.0000","","","5204.92"
"","2026-01-05 10:00:00 -12","DAILY_FINANCING","Trade ID: 3631","USD/JPY","","","","","","","","2.95440","0.0212","","","","","",""
"3633","2026-01-05 11:03:19 -12","MARKET_ORDER_REJECT","POSITION_CLOSEOUT","USD/JPY","","50865.00","","","","","","","","","","","","",""
"3634","2026-01-05 11:03:19 -12","MARKET_ORDER_REJECT","POSITION_CLOSEOUT","USD/JPY","","","","","","","","","","","","","","",""
"3635","2026-01-05 11:03:19 -12","MARKET_ORDER","CLIENT_ORDER","USD/JPY","","52049.00","Sell","","","","","","","","","","","",""
"3636","2026-01-05 11:03:19 -12","ORDER_FILL","MARKET_ORDER","USD/JPY","156.55000","52049.00","Sell","3.3245","","","","0.00000","","0.0000","0.0064","-0.3320","66.91630","","5271.83"
"3637","2026-01-06 10:00:00 -12","DAILY_FINANCING","","","","","","","","","","-0.13360","","","","0.0000","","","5271.70"
"","2026-01-06 10:00:00 -12","DAILY_FINANCING","Trade ID: 3636","USD/JPY","","","","","","","","-0.13360","-0.0412","","","","","",""
"3638","2026-01-06 17:34:41 -12","MARKET_ORDER_REJECT","POSITION_CLOSEOUT","USD/JPY","","","","","","","","","","","","","","",""
"3639","2026-01-06 17:34:41 -12","MARKET_ORDER_REJECT","POSITION_CLOSEOUT","USD/JPY","","1184.00","","","","","","","","","","","","",""
"3640","2026-01-06 17:34:41 -12","MARKET_ORDER","CLIENT_ORDER","USD/JPY","","52716.00","Buy","","","","","","","","","","","",""
"3641","2026-01-06 17:34:41 -12","ORDER_FILL","MARKET_ORDER","USD/JPY","156.40500","52716.00","Buy","2.8650","","","","0.00000","","0.0000","0.0064","-0.0054","1.09220","","5272.79"
"3642","2026-01-07 05:35:16 -12","MARKET_ORDER_REJECT","POSITION_CLOSEOUT","USD/JPY","","51532.00","","","","","","","","","","","","",""
"3643","2026-01-07 05:35:16 -12","MARKET_ORDER_REJECT","POSITION_CLOSEOUT","USD/JPY","","","","","","","","","","","","","","",""
"3644","2026-01-07 06:05:17 -12","MARKET_ORDER_REJECT","POSITION_CLOSEOUT","USD/JPY","","51532.00","","","","","","","","","","","","",""
"3645","2026-01-07 06:05:17 -12","MARKET_ORDER_REJECT","POSITION_CLOSEOUT","USD/JPY","","","","","","","","","","","","","","",""
"3646","2026-01-07 10:00:00 -12","DAILY_FINANCING","","","","","","","","","","2.93660","","","","0.0000","","","5275.73"
"","2026-01-07 10:00:00 -12","DAILY_FINANCING","Trade ID: 3641","USD/JPY","","","","","","","","2.93660","0.0208","","","","","",""
"3647","2026-01-07 15:05:43 -12","MARKET_ORDER_REJECT","POSITION_CLOSEOUT","USD/JPY","","51532.00","","","","","","","","","","","","",""
"3648","2026-01-07 15:05:43 -12","MARKET_ORDER_REJECT","POSITION_CLOSEOUT","USD/JPY","","","","","","","","","","","","","","",""
"3649","2026-01-07 15:20:44 -12","MARKET_ORDER_REJECT","POSITION_CLOSEOUT","USD/JPY","","51532.00","","","","","","","","","","","","",""
"3650","2026-01-07 15:20:44 -12","MARKET_ORDER_REJECT","POSITION_CLOSEOUT","USD/JPY","","","","","","","","","","","","","","",""
"3651","2026-01-07 15:35:44 -12","MARKET_ORDER_REJECT","POSITION_CLOSEOUT","USD/JPY","","51532.00","","","","","","","","","","","","",""
"3652","2026-01-07 15:35:44 -12","MARKET_ORDER_REJECT","POSITION_CLOSEOUT","USD/JPY","","","","","","","","","","","","","","",""
"3653","2026-01-07 15:50:45 -12","MARKET_ORDER_REJECT","POSITION_CLOSEOUT","USD/JPY","","51532.00","","","","","","","","","","","","",""
"3654","2026-01-07 15:50:45 -12","MARKET_ORDER_REJECT","POSITION_CLOSEOUT","USD/JPY","","","","","","","","","","","","","","",""
"3655","2026-01-07 16:05:46 -12","MARKET_ORDER_REJECT","POSITION_CLOSEOUT","USD/JPY","","51532.00","","","","","","","","","","","","",""
"3656","2026-01-07 16:05:46 -12","MARKET_ORDER_REJECT","POSITION_CLOSEOUT","USD/JPY","","","","","","","","","","","","","","",""
"3657","2026-01-07 16:20:46 -12","MARKET_ORDER_REJECT","POSITION_CLOSEOUT","USD/JPY","","51532.00","","","","","","","","","","","","",""
"3658","2026-01-07 16:20:46 -12","MARKET_ORDER_REJECT","POSITION_CLOSEOUT","USD/JPY","","","","","","","","","","","","","","",""
"3659","2026-01-07 16:35:47 -12","MARKET_ORDER_REJECT","POSITION_CLOSEOUT","USD/JPY","","51532.00","","","","","","","","","","","","",""
"3660","2026-01-07 16:35:47 -12","MARKET_ORDER_REJECT","POSITION_CLOSEOUT","USD/JPY","","","","","","","","","","","","","","",""
"3661","2026-01-07 16:50:47 -12","MARKET_ORDER_REJECT","POSITION_CLOSEOUT","USD/JPY","","51532.00","","","","","","","","","","","","",""
"3662","2026-01-07 16:50:47 -12","MARKET_ORDER_REJECT","POSITION_CLOSEOUT","USD/JPY","","","","","","","","","","","","","","",""
"3663","2026-01-07 17:05:49 -12","MARKET_ORDER_REJECT","POSITION_CLOSEOUT","USD/JPY","","51532.00","","","","","","","","","","","","",""
"3664","2026-01-07 17:05:49 -12","MARKET_ORDER_REJECT","POSITION_CLOSEOUT","USD/JPY","","","","","","","","","","","","","","",""
"3665","2026-01-07 17:20:49 -12","MARKET_ORDER_REJECT","POSITION_CLOSEOUT","USD/JPY","","51532.00","","","","","","","","","","","","",""
"3666","2026-01-07 17:20:49 -12","MARKET_ORDER_REJECT","POSITION_CLOSEOUT","USD/JPY","","","","","","","","","","","","","","",""
"3667","2026-01-07 17:35:50 -12","MARKET_ORDER_REJECT","POSITION_CLOSEOUT","USD/JPY","","51532.00","","","","","","","","","","","","",""
"3668","2026-01-07 17:35:50 -12","MARKET_ORDER_REJECT","POSITION_CLOSEOUT","USD/JPY","","","","","","","","","","","","","","",""
"3669","2026-01-07 17:50:51 -12","MARKET_ORDER_REJECT","POSITION_CLOSEOUT","USD/JPY","","51532.00","","","","","","","","","","","","",""
"3670","2026-01-07 17:50:51 -12","MARKET_ORDER_REJECT","POSITION_CLOSEOUT","USD/JPY","","","","","","","","","","","","","","",""
"3671","2026-01-07 18:05:51 -12","MARKET_ORDER_REJECT","POSITION_CLOSEOUT","USD/JPY","","51532.00","","","","","","","","","","","","",""
"3672","2026-01-07 18:05:51 -12","MARKET_ORDER_REJECT","POSITION_CLOSEOUT","USD/JPY","","","","","","","","","","","","","","",""
"3673","2026-01-07 18:20:52 -12","MARKET_ORDER_REJECT","POSITION_CLOSEOUT","USD/JPY","","51532.00","","","","","","","","","","","","",""
"3674","2026-01-07 18:20:52 -12","MARKET_ORDER_REJECT","POSITION_CLOSEOUT","USD/JPY","","","","","","","","","","","","","","",""
"3675","2026-01-07 18:35:53 -12","MARKET_ORDER_REJECT","POSITION_CLOSEOUT","USD/JPY","","51532.00","","","","","","","","","","","","",""
"3676","2026-01-07 18:35:53 -12","MARKET_ORDER_REJECT","POSITION_CLOSEOUT","USD/JPY","","","","","","","","","","","","","","",""
"3677","2026-01-07 18:50:54 -12","MARKET_ORDER_REJECT","POSITION_CLOSEOUT","USD/JPY","","51532.00","","","","","","","","","","","","",""
"3678","2026-01-07 18:50:54 -12","MARKET_ORDER_REJECT","POSITION_CLOSEOUT","USD/JPY","","","","","","","","","","","","","","",""
"3679","2026-01-07 19:05:55 -12","MARKET_ORDER_REJECT","POSITION_CLOSEOUT","USD/JPY","","51532.00","","","","","","","","","","","","",""
"3680","2026-01-07 19:05:55 -12","MARKET_ORDER_REJECT","POSITION_CLOSEOUT","USD/JPY","","","","","","","","","","","","","","",""
"3681","2026-01-07 19:20:56 -12","MARKET_ORDER_REJECT","POSITION_CLOSEOUT","USD/JPY","","51532.00","","","","","","","","","","","","",""
"3682","2026-01-07 19:20:56 -12","MARKET_ORDER_REJECT","POSITION_CLOSEOUT","USD/JPY","","","","","","","","","","","","","","",""
"3683","2026-01-07 19:35:57 -12","MARKET_ORDER_REJECT","POSITION_CLOSEOUT","USD/JPY","","51532.00","","","","","","","","","","","","",""
"3684","2026-01-07 19:35:57 -12","MARKET_ORDER_REJECT","POSITION_CLOSEOUT","USD/JPY","","","","","","","","","","","","","","",""
"3685","2026-01-07 19:50:57 -12","MARKET_ORDER_REJECT","POSITION_CLOSEOUT","USD/JPY","","51532.00","","","","","","","","","","","","",""
"3686","2026-01-07 19:50:57 -12","MARKET_ORDER_REJECT","POSITION_CLOSEOUT","USD/JPY","","","","","","","","","","","","","","",""
"3687","2026-01-07 20:05:58 -12","MARKET_ORDER_REJECT","POSITION_CLOSEOUT","USD/JPY","","51532.00","","","","","","","","","","","","",""
"3688","2026-01-07 20:05:58 -12","MARKET_ORDER_REJECT","POSITION_CLOSEOUT","USD/JPY","","","","","","","","","","","","","","",""
"3689","2026-01-07 20:20:58 -12","MARKET_ORDER_REJECT","POSITION_CLOSEOUT","USD/JPY","","51532.00","","","","","","","","","","","","",""
"3690","2026-01-07 20:20:58 -12","MARKET_ORDER_REJECT","POSITION_CLOSEOUT","USD/JPY","","","","","","","","","","","","","","",""
"3691","2026-01-07 20:35:59 -12","MARKET_ORDER_REJECT","POSITION_CLOSEOUT","USD/JPY","","51532.00","","","","","","","","","","","","",""
"3692","2026-01-07 20:35:59 -12","MARKET_ORDER_REJECT","POSITION_CLOSEOUT","USD/JPY","","","","","","","","","","","","","","",""
"3693","2026-01-07 20:51:00 -12","MARKET_ORDER_REJECT","POSITION_CLOSEOUT","USD/JPY","","51532.00","","","","","","","","","","","","",""
"3694","2026-01-07 20:51:00 -12","MARKET_ORDER_REJECT","POSITION_CLOSEOUT","USD/JPY","","","","","","","","","","","","","","",""
"3695","2026-01-07 21:06:01 -12","MARKET_ORDER_REJECT","POSITION_CLOSEOUT","USD/JPY","","51532.00","","","","","","","","","","","","",""
"3696","2026-01-07 21:06:01 -12","MARKET_ORDER_REJECT","POSITION_CLOSEOUT","USD/JPY","","","","","","","","","","","","","","",""
"3697","2026-01-07 21:21:02 -12","MARKET_ORDER_REJECT","POSITION_CLOSEOUT","USD/JPY","","51532.00","","","","","","","","","","","","",""
"3698","2026-01-07 21:21:02 -12","MARKET_ORDER_REJECT","POSITION_CLOSEOUT","USD/JPY","","","","","","","","","","","","","","",""
"3699","2026-01-07 21:36:03 -12","MARKET_ORDER_REJECT","POSITION_CLOSEOUT","USD/JPY","","51532.00","","","","","","","","","","","","",""
"3700","2026-01-07 21:36:03 -12","MARKET_ORDER_REJECT","POSITION_CLOSEOUT","USD/JPY","","","","","","","","","","","","","","",""
"3701","2026-01-07 21:51:03 -12","MARKET_ORDER_REJECT","POSITION_CLOSEOUT","USD/JPY","","51532.00","","","","","","","","","","","","",""
"3702","2026-01-07 21:51:03 -12","MARKET_ORDER_REJECT","POSITION_CLOSEOUT","USD/JPY","","","","","","","","","","","","","","",""
"3703","2026-01-07 22:06:04 -12","MARKET_ORDER_REJECT","POSITION_CLOSEOUT","USD/JPY","","51532.00","","","","","","","","","","","","",""
"3704","2026-01-07 22:06:04 -12","MARKET_ORDER_REJECT","POSITION_CLOSEOUT","USD/JPY","","","","","","","","","","","","","","",""
"3705","2026-01-07 22:21:06 -12","MARKET_ORDER_REJECT","POSITION_CLOSEOUT","USD/JPY","","51532.00","","","","","","","","","","","","",""
"3706","2026-01-07 22:21:06 -12","MARKET_ORDER_REJECT","POSITION_CLOSEOUT","USD/JPY","","","","","","","","","","","","","","",""
"3707","2026-01-07 22:36:06 -12","MARKET_ORDER_REJECT","POSITION_CLOSEOUT","USD/JPY","","51532.00","","","","","","","","","","","","",""
"3708","2026-01-07 22:36:06 -12","MARKET_ORDER_REJECT","POSITION_CLOSEOUT","USD/JPY","","","","","","","","","","","","","","",""
"3709","2026-01-07 22:51:07 -12","MARKET_ORDER_REJECT","POSITION_CLOSEOUT","USD/JPY","","51532.00","","","","","","","","","","","","",""
"3710","2026-01-07 22:51:07 -12","MARKET_ORDER_REJECT","POSITION_CLOSEOUT","USD/JPY","","","","","","","","","","","","","","",""
"3711","2026-01-07 23:06:07 -12","MARKET_ORDER_REJECT","POSITION_CLOSEOUT","USD/JPY","","51532.00","","","","","","","","","","","","",""
"3712","2026-01-07 23:06:07 -12","MARKET_ORDER_REJECT","POSITION_CLOSEOUT","USD/JPY","","","","","","","","","","","","","","",""
"3713","2026-01-07 23:21:08 -12","MARKET_ORDER_REJECT","POSITION_CLOSEOUT","USD/JPY","","51532.00","","","","","","","","","","","","",""
"3714","2026-01-07 23:21:08 -12","MARKET_ORDER_REJECT","POSITION_CLOSEOUT","USD/JPY","","","","","","","","","","","","","","",""
"3715","2026-01-07 23:36:09 -12","MARKET_ORDER_REJECT","POSITION_CLOSEOUT","USD/JPY","","51532.00","","","","","","","","","","","","",""
"3716","2026-01-07 23:36:09 -12","MARKET_ORDER_REJECT","POSITION_CLOSEOUT","USD/JPY","","","","","","","","","","","","","","",""
"3717","2026-01-07 23:51:10 -12","MARKET_ORDER_REJECT","POSITION_CLOSEOUT","USD/JPY","","51532.00","","","","","","","","","","","","",""
"3718","2026-01-07 23:51:10 -12","MARKET_ORDER_REJECT","POSITION_CLOSEOUT","USD/JPY","","","","","","","","","","","","","","",""
"3719","2026-01-08 00:06:11 -12","MARKET_ORDER_REJECT","POSITION_CLOSEOUT","USD/JPY","","51532.00","","","","","","","","","","","","",""
"3720","2026-01-08 00:06:11 -12","MARKET_ORDER_REJECT","POSITION_CLOSEOUT","USD/JPY","","","","","","","","","","","","","","",""
"3721","2026-01-08 00:21:12 -12","MARKET_ORDER_REJECT","POSITION_CLOSEOUT","USD/JPY","","51532.00","","","","","","","","","","","","",""
"3722","2026-01-08 00:21:12 -12","MARKET_ORDER_REJECT","POSITION_CLOSEOUT","USD/JPY","","","","","","","","","","","","","","",""
"3723","2026-01-08 00:36:13 -12","MARKET_ORDER_REJECT","POSITION_CLOSEOUT","USD/JPY","","51532.00","","","","","","","","","","","","",""
"3724","2026-01-08 00:36:13 -12","MARKET_ORDER_REJECT","POSITION_CLOSEOUT","USD/JPY","","","","","","","","","","","","","","",""
"3725","2026-01-08 00:51:13 -12","MARKET_ORDER_REJECT","POSITION_CLOSEOUT","USD/JPY","","51532.00","","","","","","","","","","","","",""
"3726","2026-01-08 00:51:13 -12","MARKET_ORDER_REJECT","POSITION_CLOSEOUT","USD/JPY","","","","","","","","","","","","","","",""
"3727","2026-01-08 01:06:14 -12","MARKET_ORDER_REJECT","POSITION_CLOSEOUT","USD/JPY","","51532.00","","","","","","","","","","","","",""
"3728","2026-01-08 01:06:14 -12","MARKET_ORDER_REJECT","POSITION_CLOSEOUT","USD/JPY","","","","","","","","","","","","","","",""
"3729","2026-01-08 01:21:15 -12","MARKET_ORDER_REJECT","POSITION_CLOSEOUT","USD/JPY","","51532.00","","","","","","","","","","","","",""
"3730","2026-01-08 01:21:15 -12","MARKET_ORDER_REJECT","POSITION_CLOSEOUT","USD/JPY","","","","","","","","","","","","","","",""
"3731","2026-01-08 01:36:15 -12","MARKET_ORDER_REJECT","POSITION_CLOSEOUT","USD/JPY","","51532.00","","","","","","","","","","","","",""
"3732","2026-01-08 01:36:15 -12","MARKET_ORDER_REJECT","POSITION_CLOSEOUT","USD/JPY","","","","","","","","","","","","","","",""
"3733","2026-01-08 02:06:17 -12","MARKET_ORDER_REJECT","POSITION_CLOSEOUT","USD/JPY","","51532.00","","","","","","","","","","","","",""
"3734","2026-01-08 02:06:17 -12","MARKET_ORDER_REJECT","POSITION_CLOSEOUT","USD/JPY","","","","","","","","","","","","","","",""
"3735","2026-01-08 02:06:17 -12","MARKET_ORDER","CLIENT_ORDER","USD/JPY","","52757.00","Sell","","","","","","","","","","","",""
"3736","2026-01-08 02:06:17 -12","ORDER_FILL","MARKET_ORDER","USD/JPY","156.95900","52757.00","Sell","2.3527","","","","0.00000","","0.0000","0.0063","-0.9013","180.96900","","5456.70"
"3737","2026-01-08 02:21:18 -12","MARKET_ORDER_REJECT","POSITION_CLOSEOUT","USD/JPY","","","","","","","","","","","","","","",""
"3738","2026-01-08 02:21:18 -12","MARKET_ORDER_REJECT","POSITION_CLOSEOUT","USD/JPY","","1225.00","","","","","","","","","","","","",""
"3739","2026-01-08 02:36:20 -12","MARKET_ORDER_REJECT","POSITION_CLOSEOUT","USD/JPY","","","","","","","","","","","","","","",""
"3740","2026-01-08 02:36:20 -12","MARKET_ORDER_REJECT","POSITION_CLOSEOUT","USD/JPY","","1225.00","","","","","","","","","","","","",""
"3741","2026-01-08 02:51:20 -12","MARKET_ORDER_REJECT","POSITION_CLOSEOUT","USD/JPY","","","","","","","","","","","","","","",""
"3742","2026-01-08 02:51:20 -12","MARKET_ORDER_REJECT","POSITION_CLOSEOUT","USD/JPY","","1225.00","","","","","","","","","","","","",""
"3743","2026-01-08 03:06:22 -12","MARKET_ORDER_REJECT","POSITION_CLOSEOUT","USD/JPY","","","","","","","","","","","","","","",""
"3744","2026-01-08 03:06:22 -12","MARKET_ORDER_REJECT","POSITION_CLOSEOUT","USD/JPY","","1225.00","","","","","","","","","","","","",""
"3745","2026-01-08 03:21:23 -12","MARKET_ORDER_REJECT","POSITION_CLOSEOUT","USD/JPY","","","","","","","","","","","","","","",""
"3746","2026-01-08 03:21:23 -12","MARKET_ORDER_REJECT","POSITION_CLOSEOUT","USD/JPY","","1225.00","","","","","","","","","","","","",""
"3747","2026-01-08 03:36:24 -12","MARKET_ORDER_REJECT","POSITION_CLOSEOUT","USD/JPY","","","","","","","","","","","","","","",""
"3748","2026-01-08 03:36:24 -12","MARKET_ORDER_REJECT","POSITION_CLOSEOUT","USD/JPY","","1225.00","","","","","","","","","","","","",""
"3749","2026-01-08 03:51:25 -12","MARKET_ORDER_REJECT","POSITION_CLOSEOUT","USD/JPY","","","","","","","","","","","","","","",""
"3750","2026-01-08 03:51:25 -12","MARKET_ORDER_REJECT","POSITION_CLOSEOUT","USD/JPY","","1225.00","","","","","","","","","","","","",""
"3751","2026-01-08 04:06:25 -12","MARKET_ORDER_REJECT","POSITION_CLOSEOUT","USD/JPY","","","","","","","","","","","","","","",""
"3752","2026-01-08 04:06:25 -12","MARKET_ORDER_REJECT","POSITION_CLOSEOUT","USD/JPY","","1225.00","","","","","","","","","","","","",""
"3753","2026-01-08 04:21:26 -12","MARKET_ORDER_REJECT","POSITION_CLOSEOUT","USD/JPY","","","","","","","","","","","","","","",""
"3754","2026-01-08 04:21:26 -12","MARKET_ORDER_REJECT","POSITION_CLOSEOUT","USD/JPY","","1225.00","","","","","","","","","","","","",""
"3755","2026-01-08 04:36:27 -12","MARKET_ORDER_REJECT","POSITION_CLOSEOUT","USD/JPY","","","","","","","","","","","","","","",""
"3756","2026-01-08 04:36:27 -12","MARKET_ORDER_REJECT","POSITION_CLOSEOUT","USD/JPY","","1225.00","","","","","","","","","","","","",""
"3757","2026-01-08 04:51:28 -12","MARKET_ORDER_REJECT","POSITION_CLOSEOUT","USD/JPY","","","","","","","","","","","","","","",""
"3758","2026-01-08 04:51:28 -12","MARKET_ORDER_REJECT","POSITION_CLOSEOUT","USD/JPY","","1225.00","","","","","","","","","","","","",""
"3759","2026-01-08 05:06:28 -12","MARKET_ORDER_REJECT","POSITION_CLOSEOUT","USD/JPY","","","","","","","","","","","","","","",""
"3760","2026-01-08 05:06:28 -12","MARKET_ORDER_REJECT","POSITION_CLOSEOUT","USD/JPY","","1225.00","","","","","","","","","","","","",""
"3761","2026-01-08 05:21:29 -12","MARKET_ORDER_REJECT","POSITION_CLOSEOUT","USD/JPY","","","","","","","","","","","","","","",""
"3762","2026-01-08 05:21:29 -12","MARKET_ORDER_REJECT","POSITION_CLOSEOUT","USD/JPY","","1225.00","","","","","","","","","","","","",""
"3763","2026-01-08 05:36:29 -12","MARKET_ORDER_REJECT","POSITION_CLOSEOUT","USD/JPY","","","","","","","","","","","","","","",""
"3764","2026-01-08 05:36:29 -12","MARKET_ORDER_REJECT","POSITION_CLOSEOUT","USD/JPY","","1225.00","","","","","","","","","","","","",""
"3765","2026-01-08 05:51:30 -12","MARKET_ORDER_REJECT","POSITION_CLOSEOUT","USD/JPY","","","","","","","","","","","","","","",""
"3766","2026-01-08 05:51:30 -12","MARKET_ORDER_REJECT","POSITION_CLOSEOUT","USD/JPY","","1225.00","","","","","","","","","","","","",""
"3767","2026-01-08 06:06:31 -12","MARKET_ORDER_REJECT","POSITION_CLOSEOUT","USD/JPY","","","","","","","","","","","","","","",""
"3768","2026-01-08 06:06:31 -12","MARKET_ORDER_REJECT","POSITION_CLOSEOUT","USD/JPY","","1225.00","","","","","","","","","","","","",""
"3769","2026-01-08 06:21:32 -12","MARKET_ORDER_REJECT","POSITION_CLOSEOUT","USD/JPY","","","","","","","","","","","","","","",""
"3770","2026-01-08 06:21:32 -12","MARKET_ORDER_REJECT","POSITION_CLOSEOUT","USD/JPY","","1225.00","","","","","","","","","","","","",""
"3771","2026-01-08 06:36:32 -12","MARKET_ORDER_REJECT","POSITION_CLOSEOUT","USD/JPY","","","","","","","","","","","","","","",""
"3772","2026-01-08 06:36:32 -12","MARKET_ORDER_REJECT","POSITION_CLOSEOUT","USD/JPY","","1225.00","","","","","","","","","","","","",""
"3773","2026-01-08 06:51:33 -12","MARKET_ORDER_REJECT","POSITION_CLOSEOUT","USD/JPY","","","","","","","","","","","","","","",""
"3774","2026-01-08 06:51:33 -12","MARKET_ORDER_REJECT","POSITION_CLOSEOUT","USD/JPY","","1225.00","","","","","","","","","","","","",""
"3775","2026-01-08 07:06:34 -12","MARKET_ORDER_REJECT","POSITION_CLOSEOUT","USD/JPY","","","","","","","","","","","","","","",""
"3776","2026-01-08 07:06:34 -12","MARKET_ORDER_REJECT","POSITION_CLOSEOUT","USD/JPY","","1225.00","","","","","","","","","","","","",""
"3777","2026-01-08 07:21:35 -12","MARKET_ORDER_REJECT","POSITION_CLOSEOUT","USD/JPY","","","","","","","","","","","","","","",""
"3778","2026-01-08 07:21:35 -12","MARKET_ORDER_REJECT","POSITION_CLOSEOUT","USD/JPY","","1225.00","","","","","","","","","","","","",""
"3779","2026-01-08 07:36:36 -12","MARKET_ORDER_REJECT","POSITION_CLOSEOUT","USD/JPY","","","","","","","","","","","","","","",""
"3780","2026-01-08 07:36:36 -12","MARKET_ORDER_REJECT","POSITION_CLOSEOUT","USD/JPY","","1225.00","","","","","","","","","","","","",""
"3781","2026-01-08 07:51:36 -12","MARKET_ORDER_REJECT","POSITION_CLOSEOUT","USD/JPY","","","","","","","","","","","","","","",""
"3782","2026-01-08 07:51:36 -12","MARKET_ORDER_REJECT","POSITION_CLOSEOUT","USD/JPY","","1225.00","","","","","","","","","","","","",""
"3783","2026-01-08 08:06:37 -12","MARKET_ORDER_REJECT","POSITION_CLOSEOUT","USD/JPY","","","","","","","","","","","","","","",""
"3784","2026-01-08 08:06:37 -12","MARKET_ORDER_REJECT","POSITION_CLOSEOUT","USD/JPY","","1225.00","","","","","","","","","","","","",""
"3785","2026-01-08 08:21:37 -12","MARKET_ORDER_REJECT","POSITION_CLOSEOUT","USD/JPY","","","","","","","","","","","","","","",""
"3786","2026-01-08 08:21:37 -12","MARKET_ORDER_REJECT","POSITION_CLOSEOUT","USD/JPY","","1225.00","","","","","","","","","","","","",""
"3787","2026-01-08 08:36:39 -12","MARKET_ORDER_REJECT","POSITION_CLOSEOUT","USD/JPY","","","","","","","","","","","","","","",""
"3788","2026-01-08 08:36:39 -12","MARKET_ORDER_REJECT","POSITION_CLOSEOUT","USD/JPY","","1225.00","","","","","","","","","","","","",""
"3789","2026-01-08 08:51:39 -12","MARKET_ORDER_REJECT","POSITION_CLOSEOUT","USD/JPY","","","","","","","","","","","","","","",""
"3790","2026-01-08 08:51:39 -12","MARKET_ORDER_REJECT","POSITION_CLOSEOUT","USD/JPY","","1225.00","","","","","","","","","","","","",""
"3791","2026-01-08 09:06:40 -12","MARKET_ORDER_REJECT","POSITION_CLOSEOUT","USD/JPY","","","","","","","","","","","","","","",""
"3792","2026-01-08 09:06:40 -12","MARKET_ORDER_REJECT","POSITION_CLOSEOUT","USD/JPY","","1225.00","","","","","","","","","","","","",""
"3793","2026-01-08 09:21:40 -12","MARKET_ORDER_REJECT","POSITION_CLOSEOUT","USD/JPY","","","","","","","","","","","","","","",""
"3794","2026-01-08 09:21:40 -12","MARKET_ORDER_REJECT","POSITION_CLOSEOUT","USD/JPY","","1225.00","","","","","","","","","","","","",""
"3795","2026-01-08 09:36:42 -12","MARKET_ORDER_REJECT","POSITION_CLOSEOUT","USD/JPY","","","","","","","","","","","","","","",""
"3796","2026-01-08 09:36:42 -12","MARKET_ORDER_REJECT","POSITION_CLOSEOUT","USD/JPY","","1225.00","","","","","","","","","","","","",""
"3797","2026-01-08 09:51:42 -12","MARKET_ORDER_REJECT","POSITION_CLOSEOUT","USD/JPY","","","","","","","","","","","","","","",""
"3798","2026-01-08 09:51:42 -12","MARKET_ORDER_REJECT","POSITION_CLOSEOUT","USD/JPY","","1225.00","","","","","","","","","","","","",""
"3799","2026-01-08 10:00:00 -12","DAILY_FINANCING","","","","","","","","","","-0.13730","","","","0.0000","","","5456.56"
"","2026-01-08 10:00:00 -12","DAILY_FINANCING","Trade ID: 3736","USD/JPY","","","","","","","","-0.13730","-0.0409","","","","","",""
"3800","2026-01-08 10:06:43 -12","MARKET_ORDER_REJECT","POSITION_CLOSEOUT","USD/JPY","","","","","","","","","","","","","","",""
"3801","2026-01-08 10:06:43 -12","MARKET_ORDER_REJECT","POSITION_CLOSEOUT","USD/JPY","","1225.00","","","","","","","","","","","","",""
"3802","2026-01-08 10:21:43 -12","MARKET_ORDER_REJECT","POSITION_CLOSEOUT","USD/JPY","","","","","","","","","","","","","","",""
"3803","2026-01-08 10:21:43 -12","MARKET_ORDER_REJECT","POSITION_CLOSEOUT","USD/JPY","","1225.00","","","","","","","","","","","","",""
"3804","2026-01-08 10:36:44 -12","MARKET_ORDER_REJECT","POSITION_CLOSEOUT","USD/JPY","","","","","","","","","","","","","","",""
"3805","2026-01-08 10:36:44 -12","MARKET_ORDER_REJECT","POSITION_CLOSEOUT","USD/JPY","","1225.00","","","","","","","","","","","","",""
"3806","2026-01-08 10:51:45 -12","MARKET_ORDER_REJECT","POSITION_CLOSEOUT","USD/JPY","","","","","","","","","","","","","","",""
"3807","2026-01-08 10:51:45 -12","MARKET_ORDER_REJECT","POSITION_CLOSEOUT","USD/JPY","","1225.00","","","","","","","","","","","","",""
"3808","2026-01-08 11:06:46 -12","MARKET_ORDER_REJECT","POSITION_CLOSEOUT","USD/JPY","","","","","","","","","","","","","","",""
"3809","2026-01-08 11:06:46 -12","MARKET_ORDER_REJECT","POSITION_CLOSEOUT","USD/JPY","","1225.00","","","","","","","","","","","","",""
"3810","2026-01-08 11:21:46 -12","MARKET_ORDER_REJECT","POSITION_CLOSEOUT","USD/JPY","","","","","","","","","","","","","","",""
"3811","2026-01-08 11:21:46 -12","MARKET_ORDER_REJECT","POSITION_CLOSEOUT","USD/JPY","","1225.00","","","","","","","","","","","","",""
"3812","2026-01-08 11:36:48 -12","MARKET_ORDER_REJECT","POSITION_CLOSEOUT","USD/JPY","","","","","","","","","","","","","","",""
"3813","2026-01-08 11:36:48 -12","MARKET_ORDER_REJECT","POSITION_CLOSEOUT","USD/JPY","","1225.00","","","","","","","","","","","","",""
"3814","2026-01-08 11:51:48 -12","MARKET_ORDER_REJECT","POSITION_CLOSEOUT","USD/JPY","","","","","","","","","","","","","","",""
"3815","2026-01-08 11:51:48 -12","MARKET_ORDER_REJECT","POSITION_CLOSEOUT","USD/JPY","","1225.00","","","","","","","","","","","","",""